basename,label,score,row_count
section_00_test_anomaly_0300_asd3dp_s0020_clip0000026.wav,1,12.785998706899312,934
section_00_test_anomaly_0301_asd3dp_s0020_clip0000040.wav,1,13.09100052325067,934
section_00_test_anomaly_0302_asd3dp_s0020_clip0000068.wav,1,12.815143948704067,934
section_00_test_anomaly_0303_asd3dp_s0020_clip0000082.wav,1,12.82567744081485,934
section_00_test_anomaly_0304_asd3dp_s0020_clip0000095.wav,1,12.56453528802451,934
section_00_test_anomaly_0305_asd3dp_s0020_clip0000127.wav,1,12.910061563618433,934
section_00_test_anomaly_0306_asd3dp_s0020_clip0000142.wav,1,13.030918641059761,934
section_00_test_anomaly_0307_asd3dp_s0020_clip0000158.wav,1,13.358629772954119,934
section_00_test_anomaly_0308_asd3dp_s0020_clip0000175.wav,1,13.796574726349792,934
section_00_test_anomaly_0309_asd3dp_s0021_clip0000030.wav,1,13.051110576000664,934
section_00_test_anomaly_0310_asd3dp_s0021_clip0000048.wav,1,12.760577697059583,934
section_00_test_anomaly_0311_asd3dp_s0021_clip0000053.wav,1,13.076361964550468,934
section_00_test_anomaly_0312_asd3dp_s0021_clip0000071.wav,1,12.86137320398008,934
section_00_test_anomaly_0313_asd3dp_s0021_clip0000098.wav,1,13.065474742995596,934
section_00_test_anomaly_0314_asd3dp_s0021_clip0000115.wav,1,13.02605882701833,934
section_00_test_anomaly_0315_asd3dp_s0021_clip0000133.wav,1,13.093370659193084,934
section_00_test_anomaly_0316_asd3dp_s0021_clip0000147.wav,1,12.925433204822419,934
section_00_test_anomaly_0317_asd3dp_s0021_clip0000158.wav,1,13.512598416534685,934
section_00_test_anomaly_0318_asd3dp_s0022_clip0000009.wav,1,13.260934167041002,934
section_00_test_anomaly_0319_asd3dp_s0022_clip0000031.wav,1,13.006847447960995,934
section_00_test_anomaly_0320_asd3dp_s0022_clip0000054.wav,1,13.043624820750072,934
section_00_test_anomaly_0321_asd3dp_s0022_clip0000067.wav,1,13.088570770410705,934
section_00_test_anomaly_0322_asd3dp_s0022_clip0000092.wav,1,12.795788250337065,934
section_00_test_anomaly_0323_asd3dp_s0022_clip0000100.wav,1,12.766473916153837,934
section_00_test_anomaly_0324_asd3dp_s0022_clip0000120.wav,1,13.113306357977988,934
section_00_test_anomaly_0325_asd3dp_s0022_clip0000149.wav,1,13.297431630291827,934
section_00_test_anomaly_0326_asd3dp_s0022_clip0000159.wav,1,13.686595105001707,934
section_00_test_anomaly_0327_asd3dp_s0023_clip0000019.wav,1,14.582501848453628,934
section_00_test_anomaly_0328_asd3dp_s0023_clip0000033.wav,1,13.316705953896173,934
section_00_test_anomaly_0329_asd3dp_s0023_clip0000054.wav,1,13.168236474153572,934
section_00_test_anomaly_0330_asd3dp_s0023_clip0000066.wav,1,12.845251559190118,934
section_00_test_anomaly_0331_asd3dp_s0023_clip0000097.wav,1,13.154335833718996,934
section_00_test_anomaly_0332_asd3dp_s0023_clip0000108.wav,1,13.180209137387653,934
section_00_test_anomaly_0333_asd3dp_s0023_clip0000128.wav,1,13.239831103502555,934
section_00_test_anomaly_0334_asd3dp_s0023_clip0000143.wav,1,12.823725918886238,934
section_00_test_anomaly_0335_asd3dp_s0023_clip0000161.wav,1,13.920973830866354,934
section_00_test_anomaly_0336_asd3dp_s0024_clip0000019.wav,1,13.834087858873977,934
section_00_test_anomaly_0337_asd3dp_s0024_clip0000034.wav,1,13.066577663258261,934
section_00_test_anomaly_0338_asd3dp_s0024_clip0000049.wav,1,12.793135922777065,934
section_00_test_anomaly_0339_asd3dp_s0024_clip0000082.wav,1,12.708210844044002,934
section_00_test_anomaly_0340_asd3dp_s0024_clip0000089.wav,1,12.518914736312768,934
section_00_test_anomaly_0341_asd3dp_s0024_clip0000122.wav,1,13.144841767991124,934
section_00_test_anomaly_0342_asd3dp_s0024_clip0000147.wav,1,13.099273557070747,934
section_00_test_anomaly_0343_asd3dp_s0024_clip0000166.wav,1,13.889321905132023,934
section_00_test_anomaly_0344_asd3dp_s0025_clip0000021.wav,1,13.494959107303007,934
section_00_test_anomaly_0345_asd3dp_s0025_clip0000041.wav,1,13.03766116238253,934
section_00_test_anomaly_0346_asd3dp_s0025_clip0000052.wav,1,12.7677785650821,934
section_00_test_anomaly_0347_asd3dp_s0025_clip0000076.wav,1,12.829653687854906,934
section_00_test_anomaly_0348_asd3dp_s0025_clip0000095.wav,1,12.904823007113928,934
section_00_test_anomaly_0349_asd3dp_s0025_clip0000117.wav,1,13.037266808863116,934
section_00_test_anomaly_0350_asd3dp_s0025_clip0000144.wav,1,12.98412848642092,934
section_00_test_anomaly_0351_asd3dp_s0025_clip0000155.wav,1,13.447188024092027,934
section_00_test_anomaly_0352_asd3dp_s0026_clip0000020.wav,1,12.960226381616367,934
section_00_test_anomaly_0353_asd3dp_s0026_clip0000052.wav,1,12.820230121530864,934
section_00_test_anomaly_0354_asd3dp_s0026_clip0000066.wav,1,12.90969196887292,934
section_00_test_anomaly_0355_asd3dp_s0026_clip0000079.wav,1,12.903811141306123,934
section_00_test_anomaly_0356_asd3dp_s0026_clip0000115.wav,1,13.17431438352107,934
section_00_test_anomaly_0357_asd3dp_s0026_clip0000122.wav,1,12.955084894658157,934
section_00_test_anomaly_0358_asd3dp_s0026_clip0000140.wav,1,13.065871905463666,934
section_00_test_anomaly_0359_asd3dp_s0026_clip0000173.wav,1,13.571879350143531,934
section_00_test_anomaly_0360_asd3dp_s0027_clip0000032.wav,1,13.136762596555133,934
section_00_test_anomaly_0361_asd3dp_s0027_clip0000039.wav,1,12.96380753486519,934
section_00_test_anomaly_0362_asd3dp_s0027_clip0000073.wav,1,12.764462605788825,934
section_00_test_anomaly_0363_asd3dp_s0027_clip0000092.wav,1,12.683740251324672,934
section_00_test_anomaly_0364_asd3dp_s0027_clip0000097.wav,1,12.879052037600532,934
section_00_test_anomaly_0365_asd3dp_s0027_clip0000132.wav,1,12.928528124055719,934
section_00_test_anomaly_0366_asd3dp_s0027_clip0000143.wav,1,13.17352325451706,934
section_00_test_anomaly_0367_asd3dp_s0027_clip0000173.wav,1,13.96786780122516,934
section_00_test_anomaly_0368_asd3dp_s0028_clip0000025.wav,1,13.22930264830334,934
section_00_test_anomaly_0369_asd3dp_s0028_clip0000035.wav,1,13.10083358854502,934
section_00_test_anomaly_0370_asd3dp_s0028_clip0000058.wav,1,12.824656694808404,934
section_00_test_anomaly_0371_asd3dp_s0028_clip0000068.wav,1,12.851575194895906,934
section_00_test_anomaly_0372_asd3dp_s0028_clip0000100.wav,1,13.231062341808506,934
section_00_test_anomaly_0373_asd3dp_s0028_clip0000120.wav,1,13.162496637225917,934
section_00_test_anomaly_0374_asd3dp_s0028_clip0000130.wav,1,13.282812325806383,934
section_00_test_anomaly_0375_asd3dp_s0028_clip0000151.wav,1,13.104555952982933,934
section_00_test_anomaly_0376_asd3dp_s0029_clip0000010.wav,1,12.355438251822102,934
section_00_test_anomaly_0377_asd3dp_s0029_clip0000068.wav,1,12.46494661715097,934
section_00_test_anomaly_0378_asd3dp_s0029_clip0000098.wav,1,12.581791374361744,934
section_00_test_anomaly_0379_asd3dp_s0029_clip0000135.wav,1,12.670855612009445,934
section_00_test_anomaly_0380_asd3dp_s0029_clip0000183.wav,1,12.64691693981914,934
section_00_test_anomaly_0381_asd3dp_s0029_clip0000195.wav,1,12.81308379775707,934
section_00_test_anomaly_0382_asd3dp_s0029_clip0000264.wav,1,13.014451962211657,934
section_00_test_anomaly_0383_asd3dp_s0029_clip0000293.wav,1,12.80251725174375,934
section_00_test_anomaly_0384_asd3dp_s0030_clip0000021.wav,1,13.008296213007075,934
section_00_test_anomaly_0385_asd3dp_s0030_clip0000062.wav,1,12.215298311613356,934
section_00_test_anomaly_0386_asd3dp_s0030_clip0000086.wav,1,12.574166245838304,934
section_00_test_anomaly_0387_asd3dp_s0030_clip0000127.wav,1,12.558658731570846,934
section_00_test_anomaly_0388_asd3dp_s0030_clip0000177.wav,1,12.33033493499429,934
section_00_test_anomaly_0389_asd3dp_s0030_clip0000231.wav,1,12.710253501091575,934
section_00_test_anomaly_0390_asd3dp_s0030_clip0000237.wav,1,12.71130634017879,934
section_00_test_anomaly_0391_asd3dp_s0030_clip0000283.wav,1,12.794074792678147,934
section_00_test_anomaly_0392_asd3dp_s0031_clip0000026.wav,1,12.583712466523785,934
section_00_test_anomaly_0393_asd3dp_s0031_clip0000052.wav,1,12.672575829115873,934
section_00_test_anomaly_0394_asd3dp_s0031_clip0000095.wav,1,12.593055500463448,934
section_00_test_anomaly_0395_asd3dp_s0031_clip0000130.wav,1,12.802143632982732,934
section_00_test_anomaly_0396_asd3dp_s0031_clip0000167.wav,1,12.674264478989791,934
section_00_test_anomaly_0397_asd3dp_s0031_clip0000220.wav,1,12.988441681708718,934
section_00_test_anomaly_0398_asd3dp_s0031_clip0000250.wav,1,12.921699276828154,934
section_00_test_anomaly_0399_asd3dp_s0031_clip0000267.wav,1,13.055597086790032,934
section_00_test_anomaly_0400_asd3dp_s0032_clip0000025.wav,1,12.608467457381254,934
section_00_test_anomaly_0401_asd3dp_s0032_clip0000037.wav,1,13.533071502628367,934
section_00_test_anomaly_0402_asd3dp_s0032_clip0000052.wav,1,13.066855930924671,934
section_00_test_anomaly_0403_asd3dp_s0032_clip0000073.wav,1,12.643691555080373,934
section_00_test_anomaly_0404_asd3dp_s0032_clip0000084.wav,1,12.879921249454997,934
section_00_test_anomaly_0405_asd3dp_s0032_clip0000099.wav,1,12.714292483360405,934
section_00_test_anomaly_0406_asd3dp_s0032_clip0000121.wav,1,12.718019499768538,934
section_00_test_anomaly_0407_asd3dp_s0032_clip0000129.wav,1,12.586218378528537,934
section_00_test_anomaly_0408_asd3dp_s0032_clip0000151.wav,1,12.484020614011385,934
section_00_test_anomaly_0409_asd3dp_s0032_clip0000169.wav,1,12.683490950239293,934
section_00_test_anomaly_0410_asd3dp_s0032_clip0000179.wav,1,12.538166450484152,934
section_00_test_anomaly_0411_asd3dp_s0032_clip0000199.wav,1,12.710357820196377,934
section_00_test_anomaly_0412_asd3dp_s0032_clip0000208.wav,1,12.734758618046436,934
section_00_test_anomaly_0413_asd3dp_s0032_clip0000226.wav,1,12.845239694419714,934
section_00_test_anomaly_0414_asd3dp_s0032_clip0000246.wav,1,12.787610125490634,934
section_00_test_anomaly_0415_asd3dp_s0032_clip0000261.wav,1,12.82877131141483,934
section_00_test_anomaly_0416_asd3dp_s0032_clip0000281.wav,1,13.046176335541032,934
section_00_test_anomaly_0417_asd3dp_s0033_clip0000015.wav,1,14.397854375124489,934
section_00_test_anomaly_0418_asd3dp_s0033_clip0000016.wav,1,12.85174200621611,934
section_00_test_anomaly_0419_asd3dp_s0033_clip0000017.wav,1,13.294690355754256,934
section_00_test_anomaly_0420_asd3dp_s0033_clip0000019.wav,1,13.046591444240137,934
section_00_test_anomaly_0421_asd3dp_s0033_clip0000021.wav,1,12.793444102530305,934
section_00_test_anomaly_0422_asd3dp_s0033_clip0000022.wav,1,13.175641541817969,934
section_00_test_anomaly_0423_asd3dp_s0033_clip0000023.wav,1,13.521351083187781,934
section_00_test_anomaly_0424_asd3dp_s0033_clip0000025.wav,1,13.501236803271276,934
section_00_test_anomaly_0425_asd3dp_s0033_clip0000027.wav,1,13.260740034074804,934
section_00_test_anomaly_0426_asd3dp_s0033_clip0000028.wav,1,13.400004188815327,934
section_00_test_anomaly_0427_asd3dp_s0033_clip0000029.wav,1,13.513010946024664,934
section_00_test_anomaly_0428_asd3dp_s0033_clip0000031.wav,1,13.147059793901137,934
section_00_test_anomaly_0429_asd3dp_s0033_clip0000032.wav,1,13.396550520584466,934
section_00_test_anomaly_0430_asd3dp_s0033_clip0000034.wav,1,13.56582374082643,934
section_00_test_anomaly_0431_asd3dp_s0033_clip0000035.wav,1,13.398802664346308,934
section_00_test_anomaly_0432_asd3dp_s0033_clip0000037.wav,1,13.451109502249151,934
section_00_test_anomaly_0433_asd3dp_s0033_clip0000038.wav,1,13.142013854081933,934
section_00_test_anomaly_0434_asd3dp_s0038_clip0000008.wav,1,13.184742308786134,934
section_00_test_anomaly_0435_asd3dp_s0038_clip0000017.wav,1,12.956594200665231,934
section_00_test_anomaly_0436_asd3dp_s0038_clip0000024.wav,1,13.021143356788848,934
section_00_test_anomaly_0437_asd3dp_s0038_clip0000029.wav,1,12.914502221460772,934
section_00_test_anomaly_0438_asd3dp_s0038_clip0000043.wav,1,12.821685169187298,934
section_00_test_anomaly_0439_asd3dp_s0038_clip0000049.wav,1,12.7390285375542,934
section_00_test_anomaly_0440_asd3dp_s0038_clip0000062.wav,1,12.980058885488571,934
section_00_test_anomaly_0441_asd3dp_s0038_clip0000072.wav,1,12.662514171967924,934
section_00_test_anomaly_0442_asd3dp_s0038_clip0000080.wav,1,13.030168363828475,934
section_00_test_anomaly_0443_asd3dp_s0038_clip0000094.wav,1,12.824127855852279,934
section_00_test_anomaly_0444_asd3dp_s0038_clip0000096.wav,1,12.829067995001978,934
section_00_test_anomaly_0445_asd3dp_s0038_clip0000104.wav,1,12.843192744816651,934
section_00_test_anomaly_0446_asd3dp_s0038_clip0000114.wav,1,12.878939813413764,934
section_00_test_anomaly_0447_asd3dp_s0038_clip0000131.wav,1,12.824561922657413,934
section_00_test_anomaly_0448_asd3dp_s0038_clip0000135.wav,1,12.974521212200026,934
section_00_test_anomaly_0449_asd3dp_s0038_clip0000143.wav,1,13.19847834442106,934
section_00_test_anomaly_0450_asd3dp_s0038_clip0000160.wav,1,22.78439078545417,934
section_00_test_anomaly_0451_asd3dp_s0039_clip0000009.wav,1,13.151470690774202,934
section_00_test_anomaly_0452_asd3dp_s0039_clip0000016.wav,1,12.816507869410055,934
section_00_test_anomaly_0453_asd3dp_s0039_clip0000022.wav,1,12.706357421915843,934
section_00_test_anomaly_0454_asd3dp_s0039_clip0000034.wav,1,12.661306112685601,934
section_00_test_anomaly_0455_asd3dp_s0039_clip0000040.wav,1,12.706399775674562,934
section_00_test_anomaly_0456_asd3dp_s0039_clip0000049.wav,1,12.815476268466075,934
section_00_test_anomaly_0457_asd3dp_s0039_clip0000058.wav,1,12.838927464005268,934
section_00_test_anomaly_0458_asd3dp_s0039_clip0000073.wav,1,12.435180442491486,934
section_00_test_anomaly_0459_asd3dp_s0039_clip0000081.wav,1,13.01097954212981,934
section_00_test_anomaly_0460_asd3dp_s0039_clip0000085.wav,1,12.941491954076469,934
section_00_test_anomaly_0461_asd3dp_s0039_clip0000098.wav,1,12.839434034564,934
section_00_test_anomaly_0462_asd3dp_s0039_clip0000112.wav,1,12.89017232633505,934
section_00_test_anomaly_0463_asd3dp_s0039_clip0000119.wav,1,12.984467210299963,934
section_00_test_anomaly_0464_asd3dp_s0039_clip0000124.wav,1,12.981494798394802,934
section_00_test_anomaly_0465_asd3dp_s0039_clip0000132.wav,1,12.692044024293887,934
section_00_test_anomaly_0466_asd3dp_s0039_clip0000144.wav,1,13.125000439057768,934
section_00_test_anomaly_0467_asd3dp_s0039_clip0000151.wav,1,13.357334873150451,934
section_00_test_anomaly_0468_asd3dp_s0040_clip0000001.wav,1,13.443525792189277,934
section_00_test_anomaly_0469_asd3dp_s0040_clip0000017.wav,1,13.066246608595266,934
section_00_test_anomaly_0470_asd3dp_s0040_clip0000020.wav,1,12.86796439230059,934
section_00_test_anomaly_0471_asd3dp_s0040_clip0000030.wav,1,12.808014423484721,934
section_00_test_anomaly_0472_asd3dp_s0040_clip0000047.wav,1,12.92927385040218,934
section_00_test_anomaly_0473_asd3dp_s0040_clip0000057.wav,1,12.765684203366396,934
section_00_test_anomaly_0474_asd3dp_s0040_clip0000060.wav,1,12.698111970113228,934
section_00_test_anomaly_0475_asd3dp_s0040_clip0000075.wav,1,12.803994043991448,934
section_00_test_anomaly_0476_asd3dp_s0040_clip0000085.wav,1,12.971950610648896,934
section_00_test_anomaly_0477_asd3dp_s0040_clip0000097.wav,1,12.894473551682793,934
section_00_test_anomaly_0478_asd3dp_s0040_clip0000100.wav,1,12.926068574509223,934
section_00_test_anomaly_0479_asd3dp_s0040_clip0000108.wav,1,13.093566991532384,934
section_00_test_anomaly_0480_asd3dp_s0040_clip0000127.wav,1,12.871113569884535,934
section_00_test_anomaly_0481_asd3dp_s0040_clip0000137.wav,1,12.966370588706955,934
section_00_test_anomaly_0482_asd3dp_s0040_clip0000141.wav,1,13.368945554696518,934
section_00_test_anomaly_0483_asd3dp_s0040_clip0000148.wav,1,13.261580835828434,934
section_00_test_anomaly_0484_asd3dp_s0041_clip0000005.wav,1,12.843703435370958,934
section_00_test_anomaly_0485_asd3dp_s0041_clip0000025.wav,1,12.563539779671254,934
section_00_test_anomaly_0486_asd3dp_s0041_clip0000050.wav,1,12.706894473294374,934
section_00_test_anomaly_0487_asd3dp_s0041_clip0000059.wav,1,12.657208419203503,934
section_00_test_anomaly_0488_asd3dp_s0041_clip0000079.wav,1,12.673741343700401,934
section_00_test_anomaly_0489_asd3dp_s0041_clip0000097.wav,1,12.609757980902138,934
section_00_test_anomaly_0490_asd3dp_s0041_clip0000123.wav,1,12.510169224259174,934
section_00_test_anomaly_0491_asd3dp_s0041_clip0000133.wav,1,12.518236374701882,934
section_00_test_anomaly_0492_asd3dp_s0041_clip0000152.wav,1,12.65602287031088,934
section_00_test_anomaly_0493_asd3dp_s0041_clip0000170.wav,1,12.713670725485498,934
section_00_test_anomaly_0494_asd3dp_s0041_clip0000184.wav,1,12.664572124562886,934
section_00_test_anomaly_0495_asd3dp_s0041_clip0000197.wav,1,12.79624712901146,934
section_00_test_anomaly_0496_asd3dp_s0041_clip0000227.wav,1,12.819726211866424,934
section_00_test_anomaly_0497_asd3dp_s0041_clip0000237.wav,1,12.577789885584242,934
section_00_test_anomaly_0498_asd3dp_s0041_clip0000260.wav,1,12.837614387209971,934
section_00_test_anomaly_0499_asd3dp_s0041_clip0000272.wav,1,13.43197564854101,934
section_00_test_anomaly_0500_asd3dp_s0034_clip0000010.wav,1,17.96771253610321,934
section_00_test_anomaly_0501_asd3dp_s0034_clip0000029.wav,1,19.51074524048309,934
section_00_test_anomaly_0502_asd3dp_s0034_clip0000037.wav,1,17.18670527174335,934
section_00_test_anomaly_0503_asd3dp_s0034_clip0000045.wav,1,18.4289064397138,934
section_00_test_anomaly_0504_asd3dp_s0034_clip0000065.wav,1,17.77623428369232,934
section_00_test_anomaly_0505_asd3dp_s0034_clip0000099.wav,1,13.446555411279585,934
section_00_test_anomaly_0506_asd3dp_s0034_clip0000107.wav,1,17.20606306635593,934
section_00_test_anomaly_0507_asd3dp_s0034_clip0000119.wav,1,14.839582573933571,934
section_00_test_anomaly_0508_asd3dp_s0034_clip0000126.wav,1,16.449742642919308,934
section_00_test_anomaly_0509_asd3dp_s0034_clip0000148.wav,1,15.735575015335574,934
section_00_test_anomaly_0510_asd3dp_s0034_clip0000156.wav,1,15.471134872967477,934
section_00_test_anomaly_0511_asd3dp_s0034_clip0000172.wav,1,16.978761343169776,934
section_00_test_anomaly_0512_asd3dp_s0034_clip0000200.wav,1,16.24538729686043,934
section_00_test_anomaly_0513_asd3dp_s0034_clip0000213.wav,1,15.662816917615478,934
section_00_test_anomaly_0514_asd3dp_s0034_clip0000224.wav,1,14.156132797102346,934
section_00_test_anomaly_0515_asd3dp_s0034_clip0000249.wav,1,15.54626042020908,934
section_00_test_anomaly_0516_asd3dp_s0034_clip0000258.wav,1,14.83867420527358,934
section_00_test_anomaly_0517_asd3dp_s0034_clip0000296.wav,1,13.950341001057268,934
section_00_test_anomaly_0518_asd3dp_s0034_clip0000306.wav,1,14.40675910994634,934
section_00_test_anomaly_0519_asd3dp_s0034_clip0000344.wav,1,17.001659643471367,934
section_00_test_anomaly_0520_asd3dp_s0034_clip0000348.wav,1,14.704022361583831,934
section_00_test_anomaly_0521_asd3dp_s0034_clip0000385.wav,1,15.936579937087393,934
section_00_test_anomaly_0522_asd3dp_s0034_clip0000400.wav,1,14.96508451192231,934
section_00_test_anomaly_0523_asd3dp_s0034_clip0000425.wav,1,15.690885070049278,934
section_00_test_anomaly_0524_asd3dp_s0034_clip0000466.wav,1,16.552746705375853,934
section_00_test_anomaly_0525_asd3dp_s0034_clip0000468.wav,1,17.129710983668456,934
section_00_test_anomaly_0526_asd3dp_s0034_clip0000512.wav,1,14.37151827087239,934
section_00_test_anomaly_0527_asd3dp_s0034_clip0000514.wav,1,16.43602900842017,934
section_00_test_anomaly_0528_asd3dp_s0034_clip0000543.wav,1,16.687206570545662,934
section_00_test_anomaly_0529_asd3dp_s0034_clip0000554.wav,1,17.960634546055275,934
section_00_test_anomaly_0530_asd3dp_s0034_clip0000577.wav,1,15.715678886887348,934
section_00_test_anomaly_0531_asd3dp_s0034_clip0000583.wav,1,20.829611418844546,934
section_00_test_anomaly_0532_asd3dp_s0034_clip0000589.wav,1,16.032857227121227,934
section_00_test_anomaly_0533_asd3dp_s0035_clip0000003.wav,1,21.791536241323076,934
section_00_test_anomaly_0534_asd3dp_s0035_clip0000010.wav,1,20.037846860334245,934
section_00_test_anomaly_0535_asd3dp_s0035_clip0000045.wav,1,19.486016161181432,934
section_00_test_anomaly_0536_asd3dp_s0035_clip0000055.wav,1,15.729464767831807,934
section_00_test_anomaly_0537_asd3dp_s0035_clip0000068.wav,1,12.964276732418215,934
section_00_test_anomaly_0538_asd3dp_s0035_clip0000082.wav,1,14.016834541868091,934
section_00_test_anomaly_0539_asd3dp_s0035_clip0000092.wav,1,16.906614229051154,934
section_00_test_anomaly_0540_asd3dp_s0035_clip0000098.wav,1,18.199215428476926,934
section_00_test_anomaly_0541_asd3dp_s0035_clip0000122.wav,1,15.356029710626704,934
section_00_test_anomaly_0542_asd3dp_s0035_clip0000133.wav,1,15.314375500607541,934
section_00_test_anomaly_0543_asd3dp_s0035_clip0000149.wav,1,16.15523884485314,934
section_00_test_anomaly_0544_asd3dp_s0035_clip0000164.wav,1,16.209347818852493,934
section_00_test_anomaly_0545_asd3dp_s0035_clip0000177.wav,1,15.373964019710042,934
section_00_test_anomaly_0546_asd3dp_s0035_clip0000194.wav,1,16.22101308038454,934
section_00_test_anomaly_0547_asd3dp_s0035_clip0000207.wav,1,15.503575268853655,934
section_00_test_anomaly_0548_asd3dp_s0035_clip0000228.wav,1,14.846778133441346,934
section_00_test_anomaly_0549_asd3dp_s0035_clip0000262.wav,1,15.053195523500953,934
section_00_test_anomaly_0550_asd3dp_s0035_clip0000265.wav,1,15.55146890534068,934
section_00_test_anomaly_0551_asd3dp_s0035_clip0000286.wav,1,15.386245257849357,934
section_00_test_anomaly_0552_asd3dp_s0035_clip0000306.wav,1,15.686295164218551,934
section_00_test_anomaly_0553_asd3dp_s0035_clip0000321.wav,1,14.45558054697335,934
section_00_test_anomaly_0554_asd3dp_s0035_clip0000347.wav,1,14.808138970899888,934
section_00_test_anomaly_0555_asd3dp_s0035_clip0000353.wav,1,15.43044943676771,934
section_00_test_anomaly_0556_asd3dp_s0035_clip0000389.wav,1,16.461120664690494,934
section_00_test_anomaly_0557_asd3dp_s0035_clip0000411.wav,1,15.246580083058785,934
section_00_test_anomaly_0558_asd3dp_s0035_clip0000425.wav,1,16.66014942418329,934
section_00_test_anomaly_0559_asd3dp_s0035_clip0000453.wav,1,17.04321013885596,934
section_00_test_anomaly_0560_asd3dp_s0035_clip0000479.wav,1,15.432549199915034,934
section_00_test_anomaly_0561_asd3dp_s0035_clip0000499.wav,1,16.679689065292,934
section_00_test_anomaly_0562_asd3dp_s0035_clip0000522.wav,1,15.786271182066368,934
section_00_test_anomaly_0563_asd3dp_s0035_clip0000529.wav,1,15.824790823893577,934
section_00_test_anomaly_0564_asd3dp_s0035_clip0000569.wav,1,17.861788645546238,934
section_00_test_anomaly_0565_asd3dp_s0035_clip0000585.wav,1,20.23716338747829,934
section_00_test_anomaly_0566_asd3dp_s0036_clip0000005.wav,1,20.6373561117838,934
section_00_test_anomaly_0567_asd3dp_s0036_clip0000011.wav,1,20.051882829604875,934
section_00_test_anomaly_0568_asd3dp_s0036_clip0000044.wav,1,17.167683586063426,934
section_00_test_anomaly_0569_asd3dp_s0036_clip0000050.wav,1,18.887939733917758,934
section_00_test_anomaly_0570_asd3dp_s0036_clip0000083.wav,1,15.01760675258759,934
section_00_test_anomaly_0571_asd3dp_s0036_clip0000100.wav,1,16.765777744113507,934
section_00_test_anomaly_0572_asd3dp_s0036_clip0000108.wav,1,16.44389222469779,934
section_00_test_anomaly_0573_asd3dp_s0036_clip0000127.wav,1,15.65352078117191,934
section_00_test_anomaly_0574_asd3dp_s0036_clip0000129.wav,1,15.277573605931545,934
section_00_test_anomaly_0575_asd3dp_s0036_clip0000158.wav,1,15.900367418244258,934
section_00_test_anomaly_0576_asd3dp_s0036_clip0000166.wav,1,15.464517913998067,934
section_00_test_anomaly_0577_asd3dp_s0036_clip0000177.wav,1,17.14843935731647,934
section_00_test_anomaly_0578_asd3dp_s0036_clip0000192.wav,1,15.940150654035156,934
section_00_test_anomaly_0579_asd3dp_s0036_clip0000215.wav,1,16.273671017469123,934
section_00_test_anomaly_0580_asd3dp_s0036_clip0000225.wav,1,14.791727475486935,934
section_00_test_anomaly_0581_asd3dp_s0036_clip0000238.wav,1,15.869623936728695,934
section_00_test_anomaly_0582_asd3dp_s0036_clip0000251.wav,1,15.324713559936916,934
section_00_test_anomaly_0583_asd3dp_s0036_clip0000280.wav,1,14.891125279779864,934
section_00_test_anomaly_0584_asd3dp_s0036_clip0000310.wav,1,15.447846057328219,934
section_00_test_anomaly_0585_asd3dp_s0036_clip0000326.wav,1,17.216586589813232,934
section_00_test_anomaly_0586_asd3dp_s0036_clip0000340.wav,1,15.728008018060722,934
section_00_test_anomaly_0587_asd3dp_s0036_clip0000349.wav,1,14.760205488388747,934
section_00_test_anomaly_0588_asd3dp_s0036_clip0000368.wav,1,16.009920152913324,934
section_00_test_anomaly_0589_asd3dp_s0036_clip0000401.wav,1,14.266547075430893,934
section_00_test_anomaly_0590_asd3dp_s0036_clip0000422.wav,1,16.626048234085964,934
section_00_test_anomaly_0591_asd3dp_s0036_clip0000441.wav,1,15.22464104433897,934
section_00_test_anomaly_0592_asd3dp_s0036_clip0000455.wav,1,15.372946112263126,934
section_00_test_anomaly_0593_asd3dp_s0036_clip0000476.wav,1,15.800320836665543,934
section_00_test_anomaly_0594_asd3dp_s0036_clip0000504.wav,1,14.681344656158055,934
section_00_test_anomaly_0595_asd3dp_s0036_clip0000527.wav,1,15.941703309338914,934
section_00_test_anomaly_0596_asd3dp_s0036_clip0000529.wav,1,14.896214833351479,934
section_00_test_anomaly_0597_asd3dp_s0036_clip0000565.wav,1,17.747514702268024,934
section_00_test_anomaly_0598_asd3dp_s0036_clip0000584.wav,1,17.47071748423117,934
section_00_test_anomaly_0599_asd3dp_s0037_clip0000001.wav,1,294.7954319079887,934
section_00_test_normal_0000_asd3dp_s0012_clip0000016.wav,0,12.48860595874664,934
section_00_test_normal_0001_asd3dp_s0012_clip0000019.wav,0,12.220397602056794,934
section_00_test_normal_0002_asd3dp_s0012_clip0000023.wav,0,12.149228673930851,934
section_00_test_normal_0003_asd3dp_s0012_clip0000024.wav,0,12.061233530718459,934
section_00_test_normal_0004_asd3dp_s0012_clip0000027.wav,0,12.899116634556773,934
section_00_test_normal_0005_asd3dp_s0012_clip0000030.wav,0,13.067432940644421,934
section_00_test_normal_0006_asd3dp_s0012_clip0000033.wav,0,12.864015550633825,934
section_00_test_normal_0007_asd3dp_s0012_clip0000037.wav,0,12.795834519878445,934
section_00_test_normal_0008_asd3dp_s0012_clip0000040.wav,0,12.52424100124351,934
section_00_test_normal_0009_asd3dp_s0012_clip0000043.wav,0,12.534609056387009,934
section_00_test_normal_0010_asd3dp_s0012_clip0000047.wav,0,12.589703704866658,934
section_00_test_normal_0011_asd3dp_s0012_clip0000049.wav,0,12.68800229740347,934
section_00_test_normal_0012_asd3dp_s0012_clip0000051.wav,0,12.661651882931302,934
section_00_test_normal_0013_asd3dp_s0012_clip0000054.wav,0,12.816067405635335,934
section_00_test_normal_0014_asd3dp_s0012_clip0000059.wav,0,12.745299571076092,934
section_00_test_normal_0015_asd3dp_s0012_clip0000061.wav,0,12.689599343489784,934
section_00_test_normal_0016_asd3dp_s0012_clip0000063.wav,0,12.669791509558863,934
section_00_test_normal_0017_asd3dp_s0012_clip0000066.wav,0,12.646861558297461,934
section_00_test_normal_0018_asd3dp_s0012_clip0000070.wav,0,12.681519949461714,934
section_00_test_normal_0019_asd3dp_s0012_clip0000074.wav,0,12.63953431719631,934
section_00_test_normal_0020_asd3dp_s0012_clip0000077.wav,0,12.872188757012182,934
section_00_test_normal_0021_asd3dp_s0012_clip0000079.wav,0,12.581818277371262,934
section_00_test_normal_0022_asd3dp_s0012_clip0000081.wav,0,12.634183093363008,934
section_00_test_normal_0023_asd3dp_s0012_clip0000085.wav,0,12.585700345498847,934
section_00_test_normal_0024_asd3dp_s0012_clip0000089.wav,0,12.56662011503918,934
section_00_test_normal_0025_asd3dp_s0012_clip0000092.wav,0,12.507708669985131,934
section_00_test_normal_0026_asd3dp_s0012_clip0000095.wav,0,12.628996030166267,934
section_00_test_normal_0027_asd3dp_s0012_clip0000097.wav,0,12.638868406446894,934
section_00_test_normal_0028_asd3dp_s0012_clip0000099.wav,0,12.567296534585237,934
section_00_test_normal_0029_asd3dp_s0012_clip0000103.wav,0,12.53470499255162,934
section_00_test_normal_0030_asd3dp_s0012_clip0000105.wav,0,12.40463737757354,934
section_00_test_normal_0031_asd3dp_s0012_clip0000108.wav,0,12.560938708532035,934
section_00_test_normal_0032_asd3dp_s0012_clip0000111.wav,0,12.693636606285864,934
section_00_test_normal_0033_asd3dp_s0012_clip0000114.wav,0,12.679140751571165,934
section_00_test_normal_0034_asd3dp_s0012_clip0000116.wav,0,12.566040241233287,934
section_00_test_normal_0035_asd3dp_s0012_clip0000120.wav,0,12.62033427297686,934
section_00_test_normal_0036_asd3dp_s0012_clip0000122.wav,0,12.565578051246463,934
section_00_test_normal_0037_asd3dp_s0012_clip0000127.wav,0,12.578373755836894,934
section_00_test_normal_0038_asd3dp_s0012_clip0000130.wav,0,12.709996216302255,934
section_00_test_normal_0039_asd3dp_s0012_clip0000133.wav,0,12.716244980405689,934
section_00_test_normal_0040_asd3dp_s0012_clip0000135.wav,0,12.623884870868169,934
section_00_test_normal_0041_asd3dp_s0012_clip0000139.wav,0,12.59422319502085,934
section_00_test_normal_0042_asd3dp_s0012_clip0000140.wav,0,12.637794430301838,934
section_00_test_normal_0043_asd3dp_s0012_clip0000143.wav,0,12.601006050436604,934
section_00_test_normal_0044_asd3dp_s0012_clip0000146.wav,0,12.511153131276687,934
section_00_test_normal_0045_asd3dp_s0012_clip0000151.wav,0,12.464953720697244,934
section_00_test_normal_0046_asd3dp_s0012_clip0000153.wav,0,12.619674383445266,934
section_00_test_normal_0047_asd3dp_s0012_clip0000157.wav,0,12.618725554080285,934
section_00_test_normal_0048_asd3dp_s0012_clip0000159.wav,0,12.701961852243166,934
section_00_test_normal_0049_asd3dp_s0012_clip0000163.wav,0,12.409080963829089,934
section_00_test_normal_0050_asd3dp_s0012_clip0000165.wav,0,12.446007098579814,934
section_00_test_normal_0051_asd3dp_s0012_clip0000167.wav,0,12.500168339853879,934
section_00_test_normal_0052_asd3dp_s0012_clip0000171.wav,0,12.652012051045256,934
section_00_test_normal_0053_asd3dp_s0012_clip0000175.wav,0,12.448041030630565,934
section_00_test_normal_0054_asd3dp_s0012_clip0000178.wav,0,12.645287680166437,934
section_00_test_normal_0055_asd3dp_s0012_clip0000180.wav,0,12.521255253213887,934
section_00_test_normal_0056_asd3dp_s0012_clip0000184.wav,0,12.691689658726563,934
section_00_test_normal_0057_asd3dp_s0012_clip0000187.wav,0,12.719830296534798,934
section_00_test_normal_0058_asd3dp_s0012_clip0000190.wav,0,12.687310544530636,934
section_00_test_normal_0059_asd3dp_s0012_clip0000192.wav,0,12.693661116941072,934
section_00_test_normal_0060_asd3dp_s0012_clip0000194.wav,0,12.628348844720158,934
section_00_test_normal_0061_asd3dp_s0012_clip0000199.wav,0,12.515816773285957,934
section_00_test_normal_0062_asd3dp_s0012_clip0000200.wav,0,12.830504317355105,934
section_00_test_normal_0063_asd3dp_s0012_clip0000205.wav,0,12.779053270433904,934
section_00_test_normal_0064_asd3dp_s0012_clip0000208.wav,0,12.734153074677037,934
section_00_test_normal_0065_asd3dp_s0012_clip0000210.wav,0,12.695747811482857,934
section_00_test_normal_0066_asd3dp_s0012_clip0000213.wav,0,12.64483942975324,934
section_00_test_normal_0067_asd3dp_s0012_clip0000216.wav,0,12.707517978210776,934
section_00_test_normal_0068_asd3dp_s0012_clip0000217.wav,0,12.685381680025023,934
section_00_test_normal_0069_asd3dp_s0012_clip0000222.wav,0,12.838379730249114,934
section_00_test_normal_0070_asd3dp_s0012_clip0000224.wav,0,12.789264503331971,934
section_00_test_normal_0071_asd3dp_s0012_clip0000228.wav,0,12.81908373965441,934
section_00_test_normal_0072_asd3dp_s0012_clip0000229.wav,0,12.64528870429421,934
section_00_test_normal_0073_asd3dp_s0012_clip0000234.wav,0,12.891185371472442,934
section_00_test_normal_0074_asd3dp_s0012_clip0000235.wav,0,12.954496362224637,934
section_00_test_normal_0075_asd3dp_s0012_clip0000240.wav,0,12.677362811641979,934
section_00_test_normal_0076_asd3dp_s0012_clip0000243.wav,0,12.996871705228818,934
section_00_test_normal_0077_asd3dp_s0012_clip0000244.wav,0,12.768622318733428,934
section_00_test_normal_0078_asd3dp_s0012_clip0000249.wav,0,12.999514574667627,934
section_00_test_normal_0079_asd3dp_s0012_clip0000252.wav,0,12.87211678727536,934
section_00_test_normal_0080_asd3dp_s0012_clip0000253.wav,0,12.845362476414225,934
section_00_test_normal_0081_asd3dp_s0012_clip0000257.wav,0,12.889885215228324,934
section_00_test_normal_0082_asd3dp_s0012_clip0000261.wav,0,12.821514803541294,934
section_00_test_normal_0083_asd3dp_s0012_clip0000264.wav,0,12.69245044883875,934
section_00_test_normal_0084_asd3dp_s0012_clip0000265.wav,0,12.730417157648972,934
section_00_test_normal_0085_asd3dp_s0012_clip0000270.wav,0,12.71084002509107,934
section_00_test_normal_0086_asd3dp_s0012_clip0000271.wav,0,12.79072109585911,934
section_00_test_normal_0087_asd3dp_s0012_clip0000274.wav,0,12.863054875898667,934
section_00_test_normal_0088_asd3dp_s0012_clip0000279.wav,0,12.691104472321667,934
section_00_test_normal_0089_asd3dp_s0012_clip0000282.wav,0,12.693232197322478,934
section_00_test_normal_0090_asd3dp_s0012_clip0000283.wav,0,12.97307075116568,934
section_00_test_normal_0091_asd3dp_s0012_clip0000286.wav,0,12.640849548437865,934
section_00_test_normal_0092_asd3dp_s0012_clip0000291.wav,0,12.830007835935474,934
section_00_test_normal_0093_asd3dp_s0012_clip0000292.wav,0,12.719160375043717,934
section_00_test_normal_0094_asd3dp_s0012_clip0000296.wav,0,12.75613566690645,934
section_00_test_normal_0095_asd3dp_s0012_clip0000300.wav,0,12.980853532060056,934
section_00_test_normal_0096_asd3dp_s0012_clip0000301.wav,0,13.061191921315816,934
section_00_test_normal_0097_asd3dp_s0012_clip0000304.wav,0,13.04478468272109,934
section_00_test_normal_0098_asd3dp_s0012_clip0000307.wav,0,13.221651438727369,934
section_00_test_normal_0099_asd3dp_s0012_clip0000312.wav,0,12.981992960486728,934
section_00_test_normal_0100_asd3dp_s0015_clip0000001.wav,0,12.138440595704433,934
section_00_test_normal_0101_asd3dp_s0015_clip0000002.wav,0,11.937003389926232,934
section_00_test_normal_0102_asd3dp_s0015_clip0000005.wav,0,13.381523736794449,934
section_00_test_normal_0103_asd3dp_s0015_clip0000006.wav,0,13.240719450107223,934
section_00_test_normal_0104_asd3dp_s0015_clip0000007.wav,0,13.552806392726858,934
section_00_test_normal_0105_asd3dp_s0015_clip0000010.wav,0,13.079874528807286,934
section_00_test_normal_0106_asd3dp_s0015_clip0000011.wav,0,13.289738417182285,934
section_00_test_normal_0107_asd3dp_s0015_clip0000013.wav,0,13.010383194468005,934
section_00_test_normal_0108_asd3dp_s0015_clip0000015.wav,0,12.857136198489007,934
section_00_test_normal_0109_asd3dp_s0015_clip0000016.wav,0,12.781261467576282,934
section_00_test_normal_0110_asd3dp_s0015_clip0000017.wav,0,12.79579205584475,934
section_00_test_normal_0111_asd3dp_s0015_clip0000020.wav,0,12.77270857935544,934
section_00_test_normal_0112_asd3dp_s0015_clip0000021.wav,0,12.909396232833698,934
section_00_test_normal_0113_asd3dp_s0015_clip0000022.wav,0,12.903930195393858,934
section_00_test_normal_0114_asd3dp_s0015_clip0000024.wav,0,12.973212230894754,934
section_00_test_normal_0115_asd3dp_s0015_clip0000026.wav,0,12.8312083311714,934
section_00_test_normal_0116_asd3dp_s0015_clip0000027.wav,0,12.783338107695162,934
section_00_test_normal_0117_asd3dp_s0015_clip0000029.wav,0,12.8233373629715,934
section_00_test_normal_0118_asd3dp_s0015_clip0000031.wav,0,12.608998917410155,934
section_00_test_normal_0119_asd3dp_s0015_clip0000033.wav,0,12.81238445939548,934
section_00_test_normal_0120_asd3dp_s0015_clip0000034.wav,0,12.647918430589762,934
section_00_test_normal_0121_asd3dp_s0015_clip0000036.wav,0,12.75305397250157,934
section_00_test_normal_0122_asd3dp_s0015_clip0000038.wav,0,12.772205442636887,934
section_00_test_normal_0123_asd3dp_s0015_clip0000039.wav,0,12.793453169583763,934
section_00_test_normal_0124_asd3dp_s0015_clip0000041.wav,0,12.86856033255763,934
section_00_test_normal_0125_asd3dp_s0015_clip0000043.wav,0,12.749886523988058,934
section_00_test_normal_0126_asd3dp_s0015_clip0000045.wav,0,12.791543147803884,934
section_00_test_normal_0127_asd3dp_s0015_clip0000046.wav,0,12.7895962747823,934
section_00_test_normal_0128_asd3dp_s0015_clip0000047.wav,0,12.712625872144352,934
section_00_test_normal_0129_asd3dp_s0015_clip0000049.wav,0,12.693126571255016,934
section_00_test_normal_0130_asd3dp_s0015_clip0000051.wav,0,12.62901167695987,934
section_00_test_normal_0131_asd3dp_s0015_clip0000052.wav,0,12.541463248479545,934
section_00_test_normal_0132_asd3dp_s0015_clip0000055.wav,0,12.707221679564972,934
section_00_test_normal_0133_asd3dp_s0015_clip0000056.wav,0,12.570444643114568,934
section_00_test_normal_0134_asd3dp_s0015_clip0000058.wav,0,12.956058700283794,934
section_00_test_normal_0135_asd3dp_s0015_clip0000060.wav,0,12.743165328620078,934
section_00_test_normal_0136_asd3dp_s0015_clip0000061.wav,0,12.61299857133461,934
section_00_test_normal_0137_asd3dp_s0015_clip0000063.wav,0,12.876311593188463,934
section_00_test_normal_0138_asd3dp_s0015_clip0000065.wav,0,12.690437352631792,934
section_00_test_normal_0139_asd3dp_s0015_clip0000066.wav,0,12.531981138907357,934
section_00_test_normal_0140_asd3dp_s0015_clip0000068.wav,0,12.77417561533109,934
section_00_test_normal_0141_asd3dp_s0015_clip0000069.wav,0,12.80976484470245,934
section_00_test_normal_0142_asd3dp_s0015_clip0000071.wav,0,12.724877440189141,934
section_00_test_normal_0143_asd3dp_s0015_clip0000072.wav,0,12.645200312775769,934
section_00_test_normal_0144_asd3dp_s0015_clip0000074.wav,0,12.599822859182092,934
section_00_test_normal_0145_asd3dp_s0015_clip0000076.wav,0,12.6593406501623,934
section_00_test_normal_0146_asd3dp_s0015_clip0000077.wav,0,12.65312704029124,934
section_00_test_normal_0147_asd3dp_s0015_clip0000079.wav,0,12.480076104721626,934
section_00_test_normal_0148_asd3dp_s0015_clip0000081.wav,0,12.878437132090012,934
section_00_test_normal_0149_asd3dp_s0015_clip0000083.wav,0,12.836493505400304,934
section_00_test_normal_0150_asd3dp_s0015_clip0000085.wav,0,12.889921504884512,934
section_00_test_normal_0151_asd3dp_s0015_clip0000086.wav,0,12.868373728921632,934
section_00_test_normal_0152_asd3dp_s0015_clip0000087.wav,0,12.865018078806058,934
section_00_test_normal_0153_asd3dp_s0015_clip0000089.wav,0,12.896433733260096,934
section_00_test_normal_0154_asd3dp_s0015_clip0000091.wav,0,12.971658319681564,934
section_00_test_normal_0155_asd3dp_s0015_clip0000092.wav,0,12.840354876548881,934
section_00_test_normal_0156_asd3dp_s0015_clip0000094.wav,0,12.916601250462664,934
section_00_test_normal_0157_asd3dp_s0015_clip0000096.wav,0,12.838878667329057,934
section_00_test_normal_0158_asd3dp_s0015_clip0000098.wav,0,12.873188022883086,934
section_00_test_normal_0159_asd3dp_s0015_clip0000100.wav,0,12.851495753008498,934
section_00_test_normal_0160_asd3dp_s0015_clip0000101.wav,0,12.812794461750627,934
section_00_test_normal_0161_asd3dp_s0015_clip0000102.wav,0,12.786598177997663,934
section_00_test_normal_0162_asd3dp_s0015_clip0000105.wav,0,12.874193339582684,934
section_00_test_normal_0163_asd3dp_s0015_clip0000106.wav,0,12.754901066071472,934
section_00_test_normal_0164_asd3dp_s0015_clip0000107.wav,0,12.853675737115505,934
section_00_test_normal_0165_asd3dp_s0015_clip0000109.wav,0,12.732363694740311,934
section_00_test_normal_0166_asd3dp_s0015_clip0000111.wav,0,12.785630150576475,934
section_00_test_normal_0167_asd3dp_s0015_clip0000112.wav,0,12.849719143526457,934
section_00_test_normal_0168_asd3dp_s0015_clip0000115.wav,0,12.86860630599028,934
section_00_test_normal_0169_asd3dp_s0015_clip0000116.wav,0,12.69041345461533,934
section_00_test_normal_0170_asd3dp_s0015_clip0000117.wav,0,12.803611696149348,934
section_00_test_normal_0171_asd3dp_s0015_clip0000120.wav,0,12.890432818288211,934
section_00_test_normal_0172_asd3dp_s0015_clip0000121.wav,0,12.836394755181715,934
section_00_test_normal_0173_asd3dp_s0015_clip0000122.wav,0,13.141514082792229,934
section_00_test_normal_0174_asd3dp_s0015_clip0000124.wav,0,12.755116346306158,934
section_00_test_normal_0175_asd3dp_s0015_clip0000126.wav,0,13.003957551347622,934
section_00_test_normal_0176_asd3dp_s0015_clip0000127.wav,0,13.115326400487275,934
section_00_test_normal_0177_asd3dp_s0015_clip0000129.wav,0,13.238723583343964,934
section_00_test_normal_0178_asd3dp_s0015_clip0000131.wav,0,13.127696866396919,934
section_00_test_normal_0179_asd3dp_s0015_clip0000132.wav,0,13.091456927885591,934
section_00_test_normal_0180_asd3dp_s0015_clip0000135.wav,0,12.92717987362782,934
section_00_test_normal_0181_asd3dp_s0015_clip0000136.wav,0,13.055160892086315,934
section_00_test_normal_0182_asd3dp_s0015_clip0000137.wav,0,12.928389715688898,934
section_00_test_normal_0183_asd3dp_s0015_clip0000140.wav,0,12.731790080060286,934
section_00_test_normal_0184_asd3dp_s0015_clip0000141.wav,0,13.006895794347725,934
section_00_test_normal_0185_asd3dp_s0015_clip0000142.wav,0,12.800167557514198,934
section_00_test_normal_0186_asd3dp_s0015_clip0000144.wav,0,12.890914122603945,934
section_00_test_normal_0187_asd3dp_s0015_clip0000146.wav,0,13.006689216646443,934
section_00_test_normal_0188_asd3dp_s0015_clip0000147.wav,0,13.187838442065221,934
section_00_test_normal_0189_asd3dp_s0015_clip0000149.wav,0,12.967855420817145,934
section_00_test_normal_0190_asd3dp_s0015_clip0000151.wav,0,13.14855569435136,934
section_00_test_normal_0191_asd3dp_s0015_clip0000153.wav,0,13.148881446625998,934
section_00_test_normal_0192_asd3dp_s0015_clip0000155.wav,0,13.270642894238424,934
section_00_test_normal_0193_asd3dp_s0015_clip0000156.wav,0,13.195450813407817,934
section_00_test_normal_0194_asd3dp_s0015_clip0000157.wav,0,13.195426571292591,934
section_00_test_normal_0195_asd3dp_s0015_clip0000159.wav,0,13.367420716255074,934
section_00_test_normal_0196_asd3dp_s0015_clip0000161.wav,0,13.008829070873382,934
section_00_test_normal_0197_asd3dp_s0015_clip0000163.wav,0,13.61355914293571,934
section_00_test_normal_0198_asd3dp_s0015_clip0000164.wav,0,13.412147410676617,934
section_00_test_normal_0199_asd3dp_s0015_clip0000166.wav,0,13.420631087056064,934
section_00_test_normal_0200_asd3dp_s0019_clip0000001.wav,0,12.866489416526779,934
section_00_test_normal_0201_asd3dp_s0019_clip0000002.wav,0,12.957043011642881,934
section_00_test_normal_0202_asd3dp_s0019_clip0000004.wav,0,12.865302823085091,934
section_00_test_normal_0203_asd3dp_s0019_clip0000005.wav,0,12.69955804159095,934
section_00_test_normal_0204_asd3dp_s0019_clip0000006.wav,0,12.651555265553247,934
section_00_test_normal_0205_asd3dp_s0019_clip0000008.wav,0,12.419588692438424,934
section_00_test_normal_0206_asd3dp_s0019_clip0000009.wav,0,12.566620897174648,934
section_00_test_normal_0207_asd3dp_s0019_clip0000011.wav,0,12.55606880739363,934
section_00_test_normal_0208_asd3dp_s0019_clip0000012.wav,0,12.737592695101425,934
section_00_test_normal_0209_asd3dp_s0019_clip0000013.wav,0,12.530804886297188,934
section_00_test_normal_0210_asd3dp_s0019_clip0000015.wav,0,12.68091789711211,934
section_00_test_normal_0211_asd3dp_s0019_clip0000016.wav,0,12.801847664140787,934
section_00_test_normal_0212_asd3dp_s0019_clip0000017.wav,0,12.726887585519467,934
section_00_test_normal_0213_asd3dp_s0019_clip0000018.wav,0,12.622801848090946,934
section_00_test_normal_0214_asd3dp_s0019_clip0000020.wav,0,12.792975282771174,934
section_00_test_normal_0215_asd3dp_s0019_clip0000021.wav,0,12.501520189534418,934
section_00_test_normal_0216_asd3dp_s0019_clip0000023.wav,0,12.791676080201372,934
section_00_test_normal_0217_asd3dp_s0019_clip0000024.wav,0,12.717037341834645,934
section_00_test_normal_0218_asd3dp_s0019_clip0000026.wav,0,12.592415166360663,934
section_00_test_normal_0219_asd3dp_s0019_clip0000027.wav,0,12.707584378040321,934
section_00_test_normal_0220_asd3dp_s0019_clip0000028.wav,0,12.783735567293023,934
section_00_test_normal_0221_asd3dp_s0019_clip0000030.wav,0,12.723750834291446,934
section_00_test_normal_0222_asd3dp_s0019_clip0000031.wav,0,12.644929239530379,934
section_00_test_normal_0223_asd3dp_s0019_clip0000033.wav,0,12.682265734008855,934
section_00_test_normal_0224_asd3dp_s0019_clip0000034.wav,0,12.784641108625195,934
section_00_test_normal_0225_asd3dp_s0019_clip0000035.wav,0,12.592070633645232,934
section_00_test_normal_0226_asd3dp_s0019_clip0000036.wav,0,12.763430451427844,934
section_00_test_normal_0227_asd3dp_s0019_clip0000038.wav,0,12.582062368985161,934
section_00_test_normal_0228_asd3dp_s0019_clip0000039.wav,0,12.78692451227911,934
section_00_test_normal_0229_asd3dp_s0019_clip0000041.wav,0,12.63718062447787,934
section_00_test_normal_0230_asd3dp_s0019_clip0000042.wav,0,12.630697123754203,934
section_00_test_normal_0231_asd3dp_s0019_clip0000043.wav,0,12.687332987530073,934
section_00_test_normal_0232_asd3dp_s0019_clip0000045.wav,0,12.618572171801418,934
section_00_test_normal_0233_asd3dp_s0019_clip0000046.wav,0,12.619520520244983,934
section_00_test_normal_0234_asd3dp_s0019_clip0000048.wav,0,12.64647216306764,934
section_00_test_normal_0235_asd3dp_s0019_clip0000049.wav,0,12.784082069642029,934
section_00_test_normal_0236_asd3dp_s0019_clip0000050.wav,0,12.568010758026254,934
section_00_test_normal_0237_asd3dp_s0019_clip0000052.wav,0,12.653681426283123,934
section_00_test_normal_0238_asd3dp_s0019_clip0000053.wav,0,12.423156987421008,934
section_00_test_normal_0239_asd3dp_s0019_clip0000054.wav,0,12.628283717137077,934
section_00_test_normal_0240_asd3dp_s0019_clip0000056.wav,0,12.204169688949749,934
section_00_test_normal_0241_asd3dp_s0019_clip0000057.wav,0,12.930336164968683,934
section_00_test_normal_0242_asd3dp_s0019_clip0000059.wav,0,13.0360344257804,934
section_00_test_normal_0243_asd3dp_s0019_clip0000060.wav,0,12.735542791558537,934
section_00_test_normal_0244_asd3dp_s0019_clip0000062.wav,0,12.900630927443249,934
section_00_test_normal_0245_asd3dp_s0019_clip0000063.wav,0,12.754222646259905,934
section_00_test_normal_0246_asd3dp_s0019_clip0000064.wav,0,12.696562651648511,934
section_00_test_normal_0247_asd3dp_s0019_clip0000066.wav,0,12.876591478221167,934
section_00_test_normal_0248_asd3dp_s0019_clip0000067.wav,0,12.793656796408415,934
section_00_test_normal_0249_asd3dp_s0019_clip0000069.wav,0,12.843876910158603,934
section_00_test_normal_0250_asd3dp_s0019_clip0000070.wav,0,12.917979976605041,934
section_00_test_normal_0251_asd3dp_s0019_clip0000071.wav,0,12.77999421309608,934
section_00_test_normal_0252_asd3dp_s0019_clip0000073.wav,0,12.86540924251973,934
section_00_test_normal_0253_asd3dp_s0019_clip0000074.wav,0,12.937163672559521,934
section_00_test_normal_0254_asd3dp_s0019_clip0000075.wav,0,12.71418776195616,934
section_00_test_normal_0255_asd3dp_s0019_clip0000077.wav,0,12.797449684755705,934
section_00_test_normal_0256_asd3dp_s0019_clip0000078.wav,0,12.758100372820902,934
section_00_test_normal_0257_asd3dp_s0019_clip0000079.wav,0,12.751498648135003,934
section_00_test_normal_0258_asd3dp_s0019_clip0000081.wav,0,12.460070184262458,934
section_00_test_normal_0259_asd3dp_s0019_clip0000082.wav,0,12.84490706119088,934
section_00_test_normal_0260_asd3dp_s0019_clip0000083.wav,0,12.818610558928464,934
section_00_test_normal_0261_asd3dp_s0019_clip0000085.wav,0,12.688611306266049,934
section_00_test_normal_0262_asd3dp_s0019_clip0000086.wav,0,12.739418958953923,934
section_00_test_normal_0263_asd3dp_s0019_clip0000087.wav,0,12.738909364001909,934
section_00_test_normal_0264_asd3dp_s0019_clip0000089.wav,0,12.808790700083371,934
section_00_test_normal_0265_asd3dp_s0019_clip0000091.wav,0,12.99832820892334,934
section_00_test_normal_0266_asd3dp_s0019_clip0000092.wav,0,13.025900762137304,934
section_00_test_normal_0267_asd3dp_s0019_clip0000093.wav,0,12.846564399098432,934
section_00_test_normal_0268_asd3dp_s0019_clip0000095.wav,0,13.001958997142392,934
section_00_test_normal_0269_asd3dp_s0019_clip0000096.wav,0,12.99395337605119,934
section_00_test_normal_0270_asd3dp_s0019_clip0000097.wav,0,12.840574763826947,934
section_00_test_normal_0271_asd3dp_s0019_clip0000098.wav,0,12.831744620835755,934
section_00_test_normal_0272_asd3dp_s0019_clip0000100.wav,0,13.071504421356659,934
section_00_test_normal_0273_asd3dp_s0019_clip0000102.wav,0,13.019865449541896,934
section_00_test_normal_0274_asd3dp_s0019_clip0000103.wav,0,12.832597844861048,934
section_00_test_normal_0275_asd3dp_s0019_clip0000104.wav,0,12.7758054743487,934
section_00_test_normal_0276_asd3dp_s0019_clip0000105.wav,0,13.011954594475299,934
section_00_test_normal_0277_asd3dp_s0019_clip0000107.wav,0,13.023744219630894,934
section_00_test_normal_0278_asd3dp_s0019_clip0000108.wav,0,12.879435040966092,934
section_00_test_normal_0279_asd3dp_s0019_clip0000110.wav,0,13.025981935750238,934
section_00_test_normal_0280_asd3dp_s0019_clip0000111.wav,0,12.957466727916383,934
section_00_test_normal_0281_asd3dp_s0019_clip0000112.wav,0,12.63584768389226,934
section_00_test_normal_0282_asd3dp_s0019_clip0000114.wav,0,12.781426695225326,934
section_00_test_normal_0283_asd3dp_s0019_clip0000115.wav,0,12.740667046009856,934
section_00_test_normal_0284_asd3dp_s0019_clip0000116.wav,0,12.916519853236588,934
section_00_test_normal_0285_asd3dp_s0019_clip0000118.wav,0,13.040039673096619,934
section_00_test_normal_0286_asd3dp_s0019_clip0000119.wav,0,12.794385856938822,934
section_00_test_normal_0287_asd3dp_s0019_clip0000121.wav,0,12.981189246861787,934
section_00_test_normal_0288_asd3dp_s0019_clip0000122.wav,0,13.109433245607821,934
section_00_test_normal_0289_asd3dp_s0019_clip0000123.wav,0,13.248087828879182,934
section_00_test_normal_0290_asd3dp_s0019_clip0000125.wav,0,13.322313872343468,934
section_00_test_normal_0291_asd3dp_s0019_clip0000126.wav,0,12.94680843312429,934
section_00_test_normal_0292_asd3dp_s0019_clip0000127.wav,0,13.162704082832091,934
section_00_test_normal_0293_asd3dp_s0019_clip0000129.wav,0,13.115861569022725,934
section_00_test_normal_0294_asd3dp_s0019_clip0000130.wav,0,13.341546237341086,934
section_00_test_normal_0295_asd3dp_s0019_clip0000132.wav,0,12.878856346489785,934
section_00_test_normal_0296_asd3dp_s0019_clip0000133.wav,0,12.744162283821842,934
section_00_test_normal_0297_asd3dp_s0019_clip0000135.wav,0,13.422996217739914,934
section_00_test_normal_0298_asd3dp_s0019_clip0000136.wav,0,13.143071734164971,934
section_00_test_normal_0299_asd3dp_s0019_clip0000137.wav,0,13.128913232039588,934
